[{
  "_id": {
    "$oid": "658185346cb8c89da467d6ae"
  },
  "id": 1,
  "app_label": "admin",
  "model": "logentry"
},
{
  "_id": {
    "$oid": "658185346cb8c89da467d6b3"
  },
  "id": 2,
  "app_label": "auth",
  "model": "permission"
},
{
  "_id": {
    "$oid": "658185346cb8c89da467d6b4"
  },
  "id": 3,
  "app_label": "auth",
  "model": "group"
},
{
  "_id": {
    "$oid": "658185346cb8c89da467d6b5"
  },
  "id": 4,
  "app_label": "auth",
  "model": "user"
},
{
  "_id": {
    "$oid": "658185346cb8c89da467d6c2"
  },
  "id": 5,
  "app_label": "contenttypes",
  "model": "contenttype"
},
{
  "_id": {
    "$oid": "658185346cb8c89da467d6c7"
  },
  "id": 6,
  "app_label": "sessions",
  "model": "session"
},
{
  "_id": {
    "$oid": "658185346cb8c89da467d6cc"
  },
  "id": 7,
  "app_label": "cartodo",
  "model": "car"
},
{
  "_id": {
    "$oid": "658185346cb8c89da467d6cd"
  },
  "id": 8,
  "app_label": "cartodo",
  "model": "post"
},
{
  "_id": {
    "$oid": "6581a38f4ecc643841c7d284"
  },
  "id": 9,
  "app_label": "carUsers",
  "model": "user"
},
{
  "_id": {
    "$oid": "6581aa3e81cec0cbe4fb5266"
  },
  "id": 10,
  "app_label": "comments",
  "model": "comment"
},
{
  "_id": {
    "$oid": "6581b9df66e48c7562bde171"
  },
  "id": 11,
  "app_label": "search",
  "model": "searchableitem"
}]