[{
  "_id": {
    "$oid": "6581861be36eb85cb1a595c3"
  },
  "id": 1,
  "action_time": {
    "$date": "2023-12-19T12:01:31.512Z"
  },
  "user_id": 1,
  "content_type_id": 7,
  "object_id": "1",
  "object_repr": "jhujdasujgdjga",
  "action_flag": 1,
  "change_message": "[{\"added\": {}}]"
},
{
  "_id": {
    "$oid": "658193654a23ff6edecc36ef"
  },
  "id": 2,
  "action_time": {
    "$date": "2023-12-19T12:58:13.790Z"
  },
  "user_id": 1,
  "content_type_id": 7,
  "object_id": "14",
  "object_repr": "dsa",
  "action_flag": 1,
  "change_message": "[{\"added\": {}}]"
},
{
  "_id": {
    "$oid": "65819749f93a1f44cd2ee99c"
  },
  "id": 3,
  "action_time": {
    "$date": "2023-12-19T13:14:49.373Z"
  },
  "user_id": 1,
  "content_type_id": 7,
  "object_id": "1",
  "object_repr": "jhujdasujgdjga",
  "action_flag": 2,
  "change_message": "[{\"changed\": {\"fields\": [\"Header image\"]}}]"
},
{
  "_id": {
    "$oid": "6581c2f014a3375a6a2d652f"
  },
  "id": 4,
  "action_time": {
    "$date": "2023-12-19T16:21:04.297Z"
  },
  "user_id": 1,
  "content_type_id": 7,
  "object_id": "15",
  "object_repr": "yhujghj",
  "action_flag": 3,
  "change_message": ""
},
{
  "_id": {
    "$oid": "6581c2f014a3375a6a2d6530"
  },
  "id": 5,
  "action_time": {
    "$date": "2023-12-19T16:21:04.299Z"
  },
  "user_id": 1,
  "content_type_id": 7,
  "object_id": "14",
  "object_repr": "dsa",
  "action_flag": 3,
  "change_message": ""
},
{
  "_id": {
    "$oid": "6581c2f014a3375a6a2d6531"
  },
  "id": 6,
  "action_time": {
    "$date": "2023-12-19T16:21:04.301Z"
  },
  "user_id": 1,
  "content_type_id": 7,
  "object_id": "13",
  "object_repr": "yhujghj",
  "action_flag": 3,
  "change_message": ""
},
{
  "_id": {
    "$oid": "6581c2f014a3375a6a2d6532"
  },
  "id": 7,
  "action_time": {
    "$date": "2023-12-19T16:21:04.302Z"
  },
  "user_id": 1,
  "content_type_id": 7,
  "object_id": "12",
  "object_repr": "sadsa",
  "action_flag": 3,
  "change_message": ""
},
{
  "_id": {
    "$oid": "6581c2f014a3375a6a2d6533"
  },
  "id": 8,
  "action_time": {
    "$date": "2023-12-19T16:21:04.304Z"
  },
  "user_id": 1,
  "content_type_id": 7,
  "object_id": "11",
  "object_repr": "ADA",
  "action_flag": 3,
  "change_message": ""
},
{
  "_id": {
    "$oid": "6581c2f014a3375a6a2d6534"
  },
  "id": 9,
  "action_time": {
    "$date": "2023-12-19T16:21:04.306Z"
  },
  "user_id": 1,
  "content_type_id": 7,
  "object_id": "10",
  "object_repr": "ADA",
  "action_flag": 3,
  "change_message": ""
},
{
  "_id": {
    "$oid": "6581c2f014a3375a6a2d6535"
  },
  "id": 10,
  "action_time": {
    "$date": "2023-12-19T16:21:04.307Z"
  },
  "user_id": 1,
  "content_type_id": 7,
  "object_id": "9",
  "object_repr": "ADA",
  "action_flag": 3,
  "change_message": ""
},
{
  "_id": {
    "$oid": "6581c2f014a3375a6a2d6536"
  },
  "id": 11,
  "action_time": {
    "$date": "2023-12-19T16:21:04.309Z"
  },
  "user_id": 1,
  "content_type_id": 7,
  "object_id": "8",
  "object_repr": "caa",
  "action_flag": 3,
  "change_message": ""
},
{
  "_id": {
    "$oid": "6581c2f014a3375a6a2d6537"
  },
  "id": 12,
  "action_time": {
    "$date": "2023-12-19T16:21:04.311Z"
  },
  "user_id": 1,
  "content_type_id": 7,
  "object_id": "7",
  "object_repr": "adad",
  "action_flag": 3,
  "change_message": ""
},
{
  "_id": {
    "$oid": "6581c2f014a3375a6a2d6538"
  },
  "id": 13,
  "action_time": {
    "$date": "2023-12-19T16:21:04.312Z"
  },
  "user_id": 1,
  "content_type_id": 7,
  "object_id": "6",
  "object_repr": "adad",
  "action_flag": 3,
  "change_message": ""
},
{
  "_id": {
    "$oid": "6581c2f014a3375a6a2d6539"
  },
  "id": 14,
  "action_time": {
    "$date": "2023-12-19T16:21:04.314Z"
  },
  "user_id": 1,
  "content_type_id": 7,
  "object_id": "5",
  "object_repr": "adad",
  "action_flag": 3,
  "change_message": ""
},
{
  "_id": {
    "$oid": "6581c2f014a3375a6a2d653a"
  },
  "id": 15,
  "action_time": {
    "$date": "2023-12-19T16:21:04.316Z"
  },
  "user_id": 1,
  "content_type_id": 7,
  "object_id": "4",
  "object_repr": "safsafsaf",
  "action_flag": 3,
  "change_message": ""
},
{
  "_id": {
    "$oid": "6581c2f014a3375a6a2d653b"
  },
  "id": 16,
  "action_time": {
    "$date": "2023-12-19T16:21:04.317Z"
  },
  "user_id": 1,
  "content_type_id": 7,
  "object_id": "1",
  "object_repr": "jhujdasujgdjga",
  "action_flag": 3,
  "change_message": ""
}]