[{
  "_id": {
    "$oid": "658185346cb8c89da467d6af"
  },
  "id": 1,
  "name": "Can add log entry",
  "content_type_id": 1,
  "codename": "add_logentry"
},
{
  "_id": {
    "$oid": "658185346cb8c89da467d6b0"
  },
  "id": 2,
  "name": "Can change log entry",
  "content_type_id": 1,
  "codename": "change_logentry"
},
{
  "_id": {
    "$oid": "658185346cb8c89da467d6b1"
  },
  "id": 3,
  "name": "Can delete log entry",
  "content_type_id": 1,
  "codename": "delete_logentry"
},
{
  "_id": {
    "$oid": "658185346cb8c89da467d6b2"
  },
  "id": 4,
  "name": "Can view log entry",
  "content_type_id": 1,
  "codename": "view_logentry"
},
{
  "_id": {
    "$oid": "658185346cb8c89da467d6b6"
  },
  "id": 5,
  "name": "Can add permission",
  "content_type_id": 2,
  "codename": "add_permission"
},
{
  "_id": {
    "$oid": "658185346cb8c89da467d6b7"
  },
  "id": 6,
  "name": "Can change permission",
  "content_type_id": 2,
  "codename": "change_permission"
},
{
  "_id": {
    "$oid": "658185346cb8c89da467d6b8"
  },
  "id": 7,
  "name": "Can delete permission",
  "content_type_id": 2,
  "codename": "delete_permission"
},
{
  "_id": {
    "$oid": "658185346cb8c89da467d6b9"
  },
  "id": 8,
  "name": "Can view permission",
  "content_type_id": 2,
  "codename": "view_permission"
},
{
  "_id": {
    "$oid": "658185346cb8c89da467d6ba"
  },
  "id": 9,
  "name": "Can add group",
  "content_type_id": 3,
  "codename": "add_group"
},
{
  "_id": {
    "$oid": "658185346cb8c89da467d6bb"
  },
  "id": 10,
  "name": "Can change group",
  "content_type_id": 3,
  "codename": "change_group"
},
{
  "_id": {
    "$oid": "658185346cb8c89da467d6bc"
  },
  "id": 11,
  "name": "Can delete group",
  "content_type_id": 3,
  "codename": "delete_group"
},
{
  "_id": {
    "$oid": "658185346cb8c89da467d6bd"
  },
  "id": 12,
  "name": "Can view group",
  "content_type_id": 3,
  "codename": "view_group"
},
{
  "_id": {
    "$oid": "658185346cb8c89da467d6be"
  },
  "id": 13,
  "name": "Can add user",
  "content_type_id": 4,
  "codename": "add_user"
},
{
  "_id": {
    "$oid": "658185346cb8c89da467d6bf"
  },
  "id": 14,
  "name": "Can change user",
  "content_type_id": 4,
  "codename": "change_user"
},
{
  "_id": {
    "$oid": "658185346cb8c89da467d6c0"
  },
  "id": 15,
  "name": "Can delete user",
  "content_type_id": 4,
  "codename": "delete_user"
},
{
  "_id": {
    "$oid": "658185346cb8c89da467d6c1"
  },
  "id": 16,
  "name": "Can view user",
  "content_type_id": 4,
  "codename": "view_user"
},
{
  "_id": {
    "$oid": "658185346cb8c89da467d6c3"
  },
  "id": 17,
  "name": "Can add content type",
  "content_type_id": 5,
  "codename": "add_contenttype"
},
{
  "_id": {
    "$oid": "658185346cb8c89da467d6c4"
  },
  "id": 18,
  "name": "Can change content type",
  "content_type_id": 5,
  "codename": "change_contenttype"
},
{
  "_id": {
    "$oid": "658185346cb8c89da467d6c5"
  },
  "id": 19,
  "name": "Can delete content type",
  "content_type_id": 5,
  "codename": "delete_contenttype"
},
{
  "_id": {
    "$oid": "658185346cb8c89da467d6c6"
  },
  "id": 20,
  "name": "Can view content type",
  "content_type_id": 5,
  "codename": "view_contenttype"
},
{
  "_id": {
    "$oid": "658185346cb8c89da467d6c8"
  },
  "id": 21,
  "name": "Can add session",
  "content_type_id": 6,
  "codename": "add_session"
},
{
  "_id": {
    "$oid": "658185346cb8c89da467d6c9"
  },
  "id": 22,
  "name": "Can change session",
  "content_type_id": 6,
  "codename": "change_session"
},
{
  "_id": {
    "$oid": "658185346cb8c89da467d6ca"
  },
  "id": 23,
  "name": "Can delete session",
  "content_type_id": 6,
  "codename": "delete_session"
},
{
  "_id": {
    "$oid": "658185346cb8c89da467d6cb"
  },
  "id": 24,
  "name": "Can view session",
  "content_type_id": 6,
  "codename": "view_session"
},
{
  "_id": {
    "$oid": "658185346cb8c89da467d6ce"
  },
  "id": 25,
  "name": "Can add car",
  "content_type_id": 7,
  "codename": "add_car"
},
{
  "_id": {
    "$oid": "658185346cb8c89da467d6cf"
  },
  "id": 26,
  "name": "Can change car",
  "content_type_id": 7,
  "codename": "change_car"
},
{
  "_id": {
    "$oid": "658185346cb8c89da467d6d0"
  },
  "id": 27,
  "name": "Can delete car",
  "content_type_id": 7,
  "codename": "delete_car"
},
{
  "_id": {
    "$oid": "658185346cb8c89da467d6d1"
  },
  "id": 28,
  "name": "Can view car",
  "content_type_id": 7,
  "codename": "view_car"
},
{
  "_id": {
    "$oid": "658185346cb8c89da467d6d2"
  },
  "id": 29,
  "name": "Can add post",
  "content_type_id": 8,
  "codename": "add_post"
},
{
  "_id": {
    "$oid": "658185346cb8c89da467d6d3"
  },
  "id": 30,
  "name": "Can change post",
  "content_type_id": 8,
  "codename": "change_post"
},
{
  "_id": {
    "$oid": "658185346cb8c89da467d6d4"
  },
  "id": 31,
  "name": "Can delete post",
  "content_type_id": 8,
  "codename": "delete_post"
},
{
  "_id": {
    "$oid": "658185346cb8c89da467d6d5"
  },
  "id": 32,
  "name": "Can view post",
  "content_type_id": 8,
  "codename": "view_post"
},
{
  "_id": {
    "$oid": "6581a38f4ecc643841c7d285"
  },
  "id": 33,
  "name": "Can add user",
  "content_type_id": 9,
  "codename": "add_user"
},
{
  "_id": {
    "$oid": "6581a38f4ecc643841c7d286"
  },
  "id": 34,
  "name": "Can change user",
  "content_type_id": 9,
  "codename": "change_user"
},
{
  "_id": {
    "$oid": "6581a38f4ecc643841c7d287"
  },
  "id": 35,
  "name": "Can delete user",
  "content_type_id": 9,
  "codename": "delete_user"
},
{
  "_id": {
    "$oid": "6581a38f4ecc643841c7d288"
  },
  "id": 36,
  "name": "Can view user",
  "content_type_id": 9,
  "codename": "view_user"
},
{
  "_id": {
    "$oid": "6581aa3e81cec0cbe4fb5267"
  },
  "id": 37,
  "name": "Can add comment",
  "content_type_id": 10,
  "codename": "add_comment"
},
{
  "_id": {
    "$oid": "6581aa3e81cec0cbe4fb5268"
  },
  "id": 38,
  "name": "Can change comment",
  "content_type_id": 10,
  "codename": "change_comment"
},
{
  "_id": {
    "$oid": "6581aa3e81cec0cbe4fb5269"
  },
  "id": 39,
  "name": "Can delete comment",
  "content_type_id": 10,
  "codename": "delete_comment"
},
{
  "_id": {
    "$oid": "6581aa3e81cec0cbe4fb526a"
  },
  "id": 40,
  "name": "Can view comment",
  "content_type_id": 10,
  "codename": "view_comment"
},
{
  "_id": {
    "$oid": "6581b9df66e48c7562bde172"
  },
  "id": 41,
  "name": "Can add searchable item",
  "content_type_id": 11,
  "codename": "add_searchableitem"
},
{
  "_id": {
    "$oid": "6581b9df66e48c7562bde173"
  },
  "id": 42,
  "name": "Can change searchable item",
  "content_type_id": 11,
  "codename": "change_searchableitem"
},
{
  "_id": {
    "$oid": "6581b9df66e48c7562bde174"
  },
  "id": 43,
  "name": "Can delete searchable item",
  "content_type_id": 11,
  "codename": "delete_searchableitem"
},
{
  "_id": {
    "$oid": "6581b9df66e48c7562bde175"
  },
  "id": 44,
  "name": "Can view searchable item",
  "content_type_id": 11,
  "codename": "view_searchableitem"
}]