[{
  "_id": {
    "$oid": "658185346cb8c89da467d69b"
  },
  "id": 1,
  "app": "contenttypes",
  "name": "0001_initial",
  "applied": {
    "$date": "2023-12-19T11:57:40.459Z"
  }
},
{
  "_id": {
    "$oid": "658185346cb8c89da467d69c"
  },
  "id": 2,
  "app": "auth",
  "name": "0001_initial",
  "applied": {
    "$date": "2023-12-19T11:57:40.525Z"
  }
},
{
  "_id": {
    "$oid": "658185346cb8c89da467d69d"
  },
  "id": 3,
  "app": "admin",
  "name": "0001_initial",
  "applied": {
    "$date": "2023-12-19T11:57:40.576Z"
  }
},
{
  "_id": {
    "$oid": "658185346cb8c89da467d69e"
  },
  "id": 4,
  "app": "admin",
  "name": "0002_logentry_remove_auto_add",
  "applied": {
    "$date": "2023-12-19T11:57:40.587Z"
  }
},
{
  "_id": {
    "$oid": "658185346cb8c89da467d69f"
  },
  "id": 5,
  "app": "admin",
  "name": "0003_logentry_add_action_flag_choices",
  "applied": {
    "$date": "2023-12-19T11:57:40.592Z"
  }
},
{
  "_id": {
    "$oid": "658185346cb8c89da467d6a0"
  },
  "id": 6,
  "app": "contenttypes",
  "name": "0002_remove_content_type_name",
  "applied": {
    "$date": "2023-12-19T11:57:40.601Z"
  }
},
{
  "_id": {
    "$oid": "658185346cb8c89da467d6a1"
  },
  "id": 7,
  "app": "auth",
  "name": "0002_alter_permission_name_max_length",
  "applied": {
    "$date": "2023-12-19T11:57:40.605Z"
  }
},
{
  "_id": {
    "$oid": "658185346cb8c89da467d6a2"
  },
  "id": 8,
  "app": "auth",
  "name": "0003_alter_user_email_max_length",
  "applied": {
    "$date": "2023-12-19T11:57:40.609Z"
  }
},
{
  "_id": {
    "$oid": "658185346cb8c89da467d6a3"
  },
  "id": 9,
  "app": "auth",
  "name": "0004_alter_user_username_opts",
  "applied": {
    "$date": "2023-12-19T11:57:40.613Z"
  }
},
{
  "_id": {
    "$oid": "658185346cb8c89da467d6a4"
  },
  "id": 10,
  "app": "auth",
  "name": "0005_alter_user_last_login_null",
  "applied": {
    "$date": "2023-12-19T11:57:40.617Z"
  }
},
{
  "_id": {
    "$oid": "658185346cb8c89da467d6a5"
  },
  "id": 11,
  "app": "auth",
  "name": "0006_require_contenttypes_0002",
  "applied": {
    "$date": "2023-12-19T11:57:40.619Z"
  }
},
{
  "_id": {
    "$oid": "658185346cb8c89da467d6a6"
  },
  "id": 12,
  "app": "auth",
  "name": "0007_alter_validators_add_error_messages",
  "applied": {
    "$date": "2023-12-19T11:57:40.623Z"
  }
},
{
  "_id": {
    "$oid": "658185346cb8c89da467d6a7"
  },
  "id": 13,
  "app": "auth",
  "name": "0008_alter_user_username_max_length",
  "applied": {
    "$date": "2023-12-19T11:57:40.628Z"
  }
},
{
  "_id": {
    "$oid": "658185346cb8c89da467d6a8"
  },
  "id": 14,
  "app": "auth",
  "name": "0009_alter_user_last_name_max_length",
  "applied": {
    "$date": "2023-12-19T11:57:40.632Z"
  }
},
{
  "_id": {
    "$oid": "658185346cb8c89da467d6a9"
  },
  "id": 15,
  "app": "auth",
  "name": "0010_alter_group_name_max_length",
  "applied": {
    "$date": "2023-12-19T11:57:40.636Z"
  }
},
{
  "_id": {
    "$oid": "658185346cb8c89da467d6aa"
  },
  "id": 16,
  "app": "auth",
  "name": "0011_update_proxy_permissions",
  "applied": {
    "$date": "2023-12-19T11:57:40.640Z"
  }
},
{
  "_id": {
    "$oid": "658185346cb8c89da467d6ab"
  },
  "id": 17,
  "app": "auth",
  "name": "0012_alter_user_first_name_max_length",
  "applied": {
    "$date": "2023-12-19T11:57:40.644Z"
  }
},
{
  "_id": {
    "$oid": "658185346cb8c89da467d6ac"
  },
  "id": 18,
  "app": "cartodo",
  "name": "0001_initial",
  "applied": {
    "$date": "2023-12-19T11:57:40.665Z"
  }
},
{
  "_id": {
    "$oid": "658185346cb8c89da467d6ad"
  },
  "id": 19,
  "app": "sessions",
  "name": "0001_initial",
  "applied": {
    "$date": "2023-12-19T11:57:40.676Z"
  }
},
{
  "_id": {
    "$oid": "65818b9a9e8300ce7646a5af"
  },
  "id": 20,
  "app": "cartodo",
  "name": "0002_delete_post",
  "applied": {
    "$date": "2023-12-19T12:24:58.404Z"
  }
},
{
  "_id": {
    "$oid": "6581a38f4ecc643841c7d283"
  },
  "id": 21,
  "app": "carUsers",
  "name": "0001_initial",
  "applied": {
    "$date": "2023-12-19T14:07:11.846Z"
  }
},
{
  "_id": {
    "$oid": "6581aa3e81cec0cbe4fb5265"
  },
  "id": 22,
  "app": "comments",
  "name": "0001_initial",
  "applied": {
    "$date": "2023-12-19T14:35:42.076Z"
  }
},
{
  "_id": {
    "$oid": "6581b9df66e48c7562bde170"
  },
  "id": 23,
  "app": "search",
  "name": "0001_initial",
  "applied": {
    "$date": "2023-12-19T15:42:23.084Z"
  }
}]