[{
  "_id": {
    "$oid": "65818534a5bb56a19b4bc0e3"
  },
  "name": "django_migrations",
  "auto": {
    "field_names": [
      "id"
    ],
    "seq": 23
  },
  "fields": {
    "app": {
      "type_code": "string"
    },
    "applied": {
      "type_code": "date"
    },
    "id": {
      "type_code": "int"
    },
    "name": {
      "type_code": "string"
    }
  }
},
{
  "_id": {
    "$oid": "65818534a5bb56a19b4bc0e8"
  },
  "name": "django_content_type",
  "auto": {
    "field_names": [
      "id"
    ],
    "seq": 11
  },
  "fields": {
    "app_label": {
      "type_code": "string"
    },
    "id": {
      "type_code": "int"
    },
    "model": {
      "type_code": "string"
    }
  }
},
{
  "_id": {
    "$oid": "65818534a5bb56a19b4bc0f2"
  },
  "name": "auth_permission",
  "auto": {
    "field_names": [
      "id"
    ],
    "seq": 44
  },
  "fields": {
    "codename": {
      "type_code": "string"
    },
    "content_type_id": {
      "type_code": "int"
    },
    "id": {
      "type_code": "int"
    },
    "name": {
      "type_code": "string"
    }
  }
},
{
  "_id": {
    "$oid": "65818534a5bb56a19b4bc0f8"
  },
  "name": "auth_group",
  "auto": {
    "field_names": [
      "id"
    ],
    "seq": 0
  },
  "fields": {
    "id": {
      "type_code": "int"
    },
    "name": {
      "type_code": "string"
    }
  }
},
{
  "_id": {
    "$oid": "65818534a5bb56a19b4bc0fd"
  },
  "name": "auth_group_permissions",
  "auto": {
    "field_names": [
      "id"
    ],
    "seq": 0
  },
  "fields": {
    "group_id": {
      "type_code": "int"
    },
    "id": {
      "type_code": "int"
    },
    "permission_id": {
      "type_code": "int"
    }
  }
},
{
  "_id": {
    "$oid": "65818534a5bb56a19b4bc103"
  },
  "name": "auth_user",
  "auto": {
    "field_names": [
      "id"
    ],
    "seq": 4
  },
  "fields": {
    "date_joined": {
      "type_code": "date"
    },
    "email": {
      "type_code": "string"
    },
    "first_name": {
      "type_code": "string"
    },
    "id": {
      "type_code": "int"
    },
    "is_active": {
      "type_code": "bool"
    },
    "is_staff": {
      "type_code": "bool"
    },
    "is_superuser": {
      "type_code": "bool"
    },
    "last_login": {
      "type_code": "date"
    },
    "last_name": {
      "type_code": "string"
    },
    "password": {
      "type_code": "string"
    },
    "username": {
      "type_code": "string"
    }
  }
},
{
  "_id": {
    "$oid": "65818534a5bb56a19b4bc108"
  },
  "name": "auth_user_groups",
  "auto": {
    "field_names": [
      "id"
    ],
    "seq": 0
  },
  "fields": {
    "group_id": {
      "type_code": "int"
    },
    "id": {
      "type_code": "int"
    },
    "user_id": {
      "type_code": "int"
    }
  }
},
{
  "_id": {
    "$oid": "65818534a5bb56a19b4bc10d"
  },
  "name": "auth_user_user_permissions",
  "auto": {
    "field_names": [
      "id"
    ],
    "seq": 0
  },
  "fields": {
    "id": {
      "type_code": "int"
    },
    "permission_id": {
      "type_code": "int"
    },
    "user_id": {
      "type_code": "int"
    }
  }
},
{
  "_id": {
    "$oid": "65818534a5bb56a19b4bc120"
  },
  "name": "django_admin_log",
  "auto": {
    "field_names": [
      "id"
    ],
    "seq": 16
  },
  "fields": {
    "action_flag": {
      "type_code": "int"
    },
    "action_time": {
      "type_code": "date"
    },
    "change_message": {
      "type_code": "string"
    },
    "content_type_id": {
      "type_code": "int"
    },
    "id": {
      "type_code": "int"
    },
    "object_id": {
      "type_code": "string"
    },
    "object_repr": {
      "type_code": "string"
    },
    "user_id": {
      "type_code": "int"
    }
  }
},
{
  "_id": {
    "$oid": "65818534a5bb56a19b4bc156"
  },
  "name": "cartodo_car",
  "auto": {
    "field_names": [
      "id"
    ],
    "seq": 16
  },
  "fields": {
    "car_type": {
      "type_code": "string"
    },
    "description": {
      "type_code": "string"
    },
    "header_image": {
      "type_code": "string"
    },
    "id": {
      "type_code": "int"
    },
    "title": {
      "type_code": "string"
    }
  }
},
{
  "_id": {
    "$oid": "65818534a5bb56a19b4bc15b"
  },
  "name": "cartodo_post",
  "auto": {
    "field_names": [
      "id"
    ],
    "seq": 0
  },
  "fields": {
    "id": {
      "type_code": "int"
    }
  }
},
{
  "_id": {
    "$oid": "65818534a5bb56a19b4bc163"
  },
  "name": "django_session",
  "fields": {
    "expire_date": {
      "type_code": "date"
    },
    "session_data": {
      "type_code": "string"
    },
    "session_key": {
      "type_code": "string"
    }
  }
},
{
  "_id": {
    "$oid": "6581a38fa5bb56a19b4bd3ba"
  },
  "name": "carUsers_user",
  "auto": {
    "field_names": [
      "id"
    ],
    "seq": 0
  },
  "fields": {
    "date_joined": {
      "type_code": "date"
    },
    "email": {
      "type_code": "string"
    },
    "first_name": {
      "type_code": "string"
    },
    "id": {
      "type_code": "int"
    },
    "is_active": {
      "type_code": "bool"
    },
    "is_staff": {
      "type_code": "bool"
    },
    "is_superuser": {
      "type_code": "bool"
    },
    "last_login": {
      "type_code": "date"
    },
    "last_name": {
      "type_code": "string"
    },
    "password": {
      "type_code": "string"
    },
    "username": {
      "type_code": "string"
    }
  }
},
{
  "_id": {
    "$oid": "6581a38fa5bb56a19b4bd3bf"
  },
  "name": "carUsers_user_groups",
  "auto": {
    "field_names": [
      "id"
    ],
    "seq": 0
  },
  "fields": {
    "group_id": {
      "type_code": "int"
    },
    "id": {
      "type_code": "int"
    },
    "user_id": {
      "type_code": "int"
    }
  }
},
{
  "_id": {
    "$oid": "6581a38fa5bb56a19b4bd3c4"
  },
  "name": "carUsers_user_user_permissions",
  "auto": {
    "field_names": [
      "id"
    ],
    "seq": 0
  },
  "fields": {
    "id": {
      "type_code": "int"
    },
    "permission_id": {
      "type_code": "int"
    },
    "user_id": {
      "type_code": "int"
    }
  }
},
{
  "_id": {
    "$oid": "6581aa3ea5bb56a19b4bd813"
  },
  "name": "comments_comment",
  "auto": {
    "field_names": [
      "id"
    ],
    "seq": 0
  },
  "fields": {
    "created_at": {
      "type_code": "date"
    },
    "id": {
      "type_code": "int"
    },
    "text": {
      "type_code": "string"
    }
  }
},
{
  "_id": {
    "$oid": "6581b9dfa5bb56a19b4be128"
  },
  "name": "search_searchableitem",
  "auto": {
    "field_names": [
      "id"
    ],
    "seq": 0
  },
  "fields": {
    "content": {
      "type_code": "string"
    },
    "id": {
      "type_code": "int"
    },
    "title": {
      "type_code": "string"
    }
  }
}]