[{
  "_id": {
    "$oid": "6581857c8687f8b944525966"
  },
  "id": 1,
  "password": "pbkdf2_sha256$216000$0nNcos8TKQ9A$9uJDPp0pK8lu4ISV7hsNXWeoWQ3+3HgL2UJcOE6cUoA=",
  "last_login": {
    "$date": "2023-12-19T16:20:40.116Z"
  },
  "is_superuser": true,
  "username": "admin",
  "first_name": "",
  "last_name": "",
  "email": "admin@gmail.com",
  "is_staff": true,
  "is_active": true,
  "date_joined": {
    "$date": "2023-12-19T11:58:52.582Z"
  }
},
{
  "_id": {
    "$oid": "65819dce9b0af37b43e0d3f1"
  },
  "id": 2,
  "password": "pbkdf2_sha256$216000$p7hwLi9z1K3I$YENyEOd2cgjEoLwT3Ra4QfxrlEH1pxVEMltJcfDbmpM=",
  "last_login": {
    "$date": "2023-12-19T13:42:47.073Z"
  },
  "is_superuser": false,
  "username": "test",
  "first_name": "",
  "last_name": "",
  "email": "",
  "is_staff": false,
  "is_active": true,
  "date_joined": {
    "$date": "2023-12-19T13:42:38.277Z"
  }
},
{
  "_id": {
    "$oid": "6581a41fd430c7c28b352e04"
  },
  "id": 3,
  "password": "pbkdf2_sha256$216000$AWyFSJ3drKVO$qWPGMlcm5smyrnAvm/AdOMkEooHZMKKhCJZPTMifibo=",
  "last_login": {
    "$date": "2023-12-19T14:09:46.163Z"
  },
  "is_superuser": false,
  "username": "test2",
  "first_name": "",
  "last_name": "",
  "email": "",
  "is_staff": false,
  "is_active": true,
  "date_joined": {
    "$date": "2023-12-19T14:09:35.563Z"
  }
},
{
  "_id": {
    "$oid": "6581a4ac6a2bda97c169edeb"
  },
  "id": 4,
  "password": "pbkdf2_sha256$216000$HOoKlb3GIqM8$kYjv7UkfsOKuTPZ4RnXLpXeDiAdwyMRV8stOpts/Dhg=",
  "last_login": {
    "$date": "2023-12-19T16:19:58.190Z"
  },
  "is_superuser": false,
  "username": "test3",
  "first_name": "",
  "last_name": "",
  "email": "",
  "is_staff": false,
  "is_active": true,
  "date_joined": {
    "$date": "2023-12-19T14:11:56.310Z"
  }
}]